#{"t_start": 1695875081.456244, "env_id": "AntBulletEnv-v0"}
r,l,t
538.328156,1000,20.543324
