#{"t_start": 1695875081.457418, "env_id": "AntBulletEnv-v0"}
r,l,t
471.13076,1000,20.543888
