#{"t_start": 1695875081.46668, "env_id": "AntBulletEnv-v0"}
r,l,t
508.715375,1000,20.544793
