#{"t_start": 1695875081.4677188, "env_id": "AntBulletEnv-v0"}
r,l,t
496.640917,1000,20.544853
