#{"t_start": 1695875081.468582, "env_id": "AntBulletEnv-v0"}
r,l,t
528.678083,1000,20.545104
