#{"t_start": 1696177156.0691829, "env_id": "AntBulletEnv-v0"}
r,l,t
8.849909,39,0.791806
