#{"t_start": 1695875081.470336, "env_id": "AntBulletEnv-v0"}
r,l,t
521.993827,1000,20.545864
