#{"t_start": 1695875081.471166, "env_id": "AntBulletEnv-v0"}
r,l,t
372.930669,1000,20.546121
