#{"t_start": 1695875081.45831, "env_id": "AntBulletEnv-v0"}
r,l,t
450.251455,1000,20.544133
