#{"t_start": 1695875081.460105, "env_id": "AntBulletEnv-v0"}
r,l,t
531.299204,1000,20.543543
