#{"t_start": 1695875081.4612648, "env_id": "AntBulletEnv-v0"}
r,l,t
560.639417,1000,20.543514
