#{"t_start": 1695875081.462026, "env_id": "AntBulletEnv-v0"}
r,l,t
489.389717,1000,20.543839
