#{"t_start": 1695875081.462993, "env_id": "AntBulletEnv-v0"}
r,l,t
504.66545,1000,20.543992
