#{"t_start": 1695875081.4641001, "env_id": "AntBulletEnv-v0"}
r,l,t
471.24464,1000,20.543964
