#{"t_start": 1695875081.4650419, "env_id": "AntBulletEnv-v0"}
r,l,t
400.280536,1000,20.544232
