#{"t_start": 1695875081.465854, "env_id": "AntBulletEnv-v0"}
r,l,t
515.543635,1000,20.544517
