#{"t_start": 1696483089.314771, "env_id": "AntObstacleLowLevel-v0"}
r,l,t
490.480595,1000,26.944048
499.235358,1000,63.127014
312.383283,1000,98.921092
474.398686,1000,134.217365
469.15295,1000,168.981005
482.431126,1000,203.721751
