#{"t_start": 1696483089.315569, "env_id": "AntObstacleLowLevel-v0"}
r,l,t
479.357356,1000,26.947447
378.2413,1000,63.13035
482.513407,1000,98.923508
321.559817,1000,134.222379
27.894411,68,135.777124
508.332935,1000,170.256629
430.857465,1000,205.001595
