#{"t_start": 1696483089.322858, "env_id": "AntObstacleLowLevel-v0"}
r,l,t
461.813812,1000,26.976894
413.547252,1000,63.158222
505.865448,1000,98.955463
473.331405,1000,134.254995
484.393314,1000,169.016488
2.241059,21,169.408905
480.410936,1000,204.160136
