#{"t_start": 1696483089.325085, "env_id": "AntObstacleLowLevel-v0"}
r,l,t
499.164157,1000,26.985828
452.937551,1000,63.167411
502.207058,1000,98.965882
454.780467,1000,134.266062
493.320612,1000,169.035159
478.937296,1000,203.752748
