#{"t_start": 1696483089.3163269, "env_id": "AntObstacleLowLevel-v0"}
r,l,t
540.631674,1000,26.950226
543.742224,1000,63.13347
492.166938,1000,98.925715
473.445026,1000,134.22672
531.45953,1000,168.98611
513.387092,1000,203.724547
