#{"t_start": 1696483089.317141, "env_id": "AntObstacleLowLevel-v0"}
r,l,t
515.787777,1000,26.952587
485.442854,1000,63.13616
450.742844,1000,98.928213
480.380181,1000,134.229982
368.426235,1000,168.988935
466.166074,1000,203.726849
