#{"t_start": 1696483089.3179038, "env_id": "AntObstacleLowLevel-v0"}
r,l,t
462.565024,1000,26.955587
438.63783,1000,63.138665
487.347059,1000,98.931431
445.624772,1000,134.233042
529.481005,1000,168.992762
541.018221,1000,203.730617
