#{"t_start": 1696483089.318655, "env_id": "AntObstacleLowLevel-v0"}
r,l,t
486.10595,1000,26.958621
486.84436,1000,63.141263
522.188811,1000,98.934342
504.565341,1000,134.236235
515.359204,1000,168.995154
525.955271,1000,203.733392
