#{"t_start": 1696483089.32013, "env_id": "AntObstacleLowLevel-v0"}
r,l,t
496.763912,1000,26.964873
477.427692,1000,63.14723
498.913308,1000,98.939478
454.758199,1000,134.242575
486.136316,1000,169.00101
469.399605,1000,203.737876
