#{"t_start": 1696483089.320847, "env_id": "AntObstacleLowLevel-v0"}
r,l,t
461.649397,1000,26.9677
489.099365,1000,63.150464
253.454063,1000,98.943084
434.348605,1000,134.245625
426.420379,1000,169.006831
513.857992,1000,203.740659
