#{"t_start": 1696483089.321532, "env_id": "AntObstacleLowLevel-v0"}
r,l,t
464.407125,1000,26.970663
481.489064,1000,63.152913
492.697617,1000,98.949448
400.190955,1000,134.248739
513.232941,1000,169.010271
465.444807,1000,203.743372
