#{"t_start": 1695879833.314701, "env_id": "AntTargetPosBulletEnv-v0"}
r,l,t
9.127593,51,7.036243
69.642786,162,31.146492
