#{"t_start": 1696809739.0431721, "env_id": "AntObstacleLowLevel-v0"}
r,l,t
517.51323,1000,35.891334
407.885245,1000,83.71146
527.754946,1000,138.184916
493.233205,1000,189.718654
