#{"t_start": 1696809739.050483, "env_id": "AntObstacleLowLevel-v0"}
r,l,t
463.660732,1000,35.904978
504.379833,1000,83.728356
515.09319,1000,138.201055
419.972265,1000,189.732748
