#{"t_start": 1696809739.051245, "env_id": "AntObstacleLowLevel-v0"}
r,l,t
513.820775,1000,35.906512
455.422572,1000,83.730149
477.308729,1000,138.202968
531.994814,1000,189.734399
