#{"t_start": 1696809739.052023, "env_id": "AntObstacleLowLevel-v0"}
r,l,t
586.816424,1000,35.908026
429.841754,1000,83.731742
452.046044,1000,138.204699
491.323087,1000,189.735912
