#{"t_start": 1696809739.053087, "env_id": "AntObstacleLowLevel-v0"}
r,l,t
555.883291,1000,35.909397
477.96627,1000,83.733038
419.509083,1000,138.206329
400.458312,1000,189.737122
