#{"t_start": 1696809739.053903, "env_id": "AntObstacleLowLevel-v0"}
r,l,t
522.93988,1000,35.910876
478.970981,1000,83.734655
509.170547,1000,138.208037
521.166221,1000,189.738715
