#{"t_start": 1696809739.054968, "env_id": "AntObstacleLowLevel-v0"}
r,l,t
510.774107,1000,35.912527
447.458353,1000,83.735987
507.241521,1000,138.209493
393.009239,1000,189.73992
