#{"t_start": 1696809739.044033, "env_id": "AntObstacleLowLevel-v0"}
r,l,t
488.730597,1000,35.893092
369.097837,1000,83.715675
458.275232,1000,138.186647
465.416549,1000,189.720202
