#{"t_start": 1696809739.044849, "env_id": "AntObstacleLowLevel-v0"}
r,l,t
477.091095,1000,35.894575
463.046717,1000,83.717236
454.335857,1000,138.188282
502.299733,1000,189.721779
