#{"t_start": 1696809739.04565, "env_id": "AntObstacleLowLevel-v0"}
r,l,t
490.652077,1000,35.896036
492.725715,1000,83.71882
481.372506,1000,138.190233
524.498533,1000,189.723532
3.321761,21,190.306714
