#{"t_start": 1696809739.046599, "env_id": "AntObstacleLowLevel-v0"}
r,l,t
518.130432,1000,35.897343
426.005037,1000,83.720179
480.847137,1000,138.191872
405.059899,1000,189.724914
