#{"t_start": 1696809739.047423, "env_id": "AntObstacleLowLevel-v0"}
r,l,t
478.896366,1000,35.898747
444.553704,1000,83.721684
354.279872,1000,138.193599
490.214389,1000,189.726354
