#{"t_start": 1696809739.048192, "env_id": "AntObstacleLowLevel-v0"}
r,l,t
509.158506,1000,35.900222
508.258597,1000,83.723549
454.445138,1000,138.195522
463.583988,1000,189.728088
