#{"t_start": 1696809739.0489652, "env_id": "AntObstacleLowLevel-v0"}
r,l,t
522.071652,1000,35.901751
498.267845,1000,83.72519
482.066931,1000,138.197304
509.388393,1000,189.729612
