#{"t_start": 1696809739.049726, "env_id": "AntObstacleLowLevel-v0"}
r,l,t
585.416386,1000,35.903408
519.67125,1000,83.726778
426.506204,1000,138.199115
506.36104,1000,189.731188
