#{"t_start": 1696816543.751192, "env_id": "AntTargetPosHighLevel-v0"}
r,l,t
935.924823,1000,36.039285
939.426314,1000,79.777766
1057.263304,1000,122.949263
1046.957381,1000,165.897299
1126.697634,1000,205.756202
749.996377,1000,247.769253
1022.961585,1000,300.266355
