#{"t_start": 1696816543.752813, "env_id": "AntTargetPosHighLevel-v0"}
r,l,t
861.204536,1000,36.039793
1059.177279,1000,79.778093
1133.290741,1000,122.950066
1061.190515,1000,165.899047
1128.554081,1000,205.757864
1082.783384,1000,247.772637
630.923593,1000,300.268292
