#{"t_start": 1696816543.767311, "env_id": "AntTargetPosHighLevel-v0"}
r,l,t
804.914825,1000,36.044253
1062.480529,1000,79.783171
1039.280361,1000,122.958503
1024.096498,1000,165.905938
1101.480439,1000,205.766482
945.138927,1000,247.780448
1127.330152,1000,300.275995
