#{"t_start": 1696816543.76882, "env_id": "AntTargetPosHighLevel-v0"}
r,l,t
597.53339,1000,36.04468
910.249011,1000,79.784406
1147.213864,1000,122.959369
1023.315694,1000,165.906819
809.59782,1000,205.767468
836.266817,1000,247.781104
1011.647059,1000,300.276685
