#{"t_start": 1696816543.770359, "env_id": "AntTargetPosHighLevel-v0"}
r,l,t
1051.147901,1000,36.045084
1100.344538,1000,79.785556
1067.582884,1000,122.960184
1109.784312,1000,165.907888
541.530061,1000,205.7685
972.290381,1000,247.781664
567.383218,1000,300.277219
