#{"t_start": 1696816543.7723148, "env_id": "AntTargetPosHighLevel-v0"}
r,l,t
976.048102,1000,36.045027
935.563341,1000,79.786725
529.136783,1000,122.960551
1045.16418,1000,165.908749
711.588162,1000,205.769203
1133.15814,1000,247.781764
870.607899,1000,300.277322
