#{"t_start": 1696816543.77483, "env_id": "AntTargetPosHighLevel-v0"}
r,l,t
1009.034795,1000,36.044522
1014.045453,1000,79.786081
1072.320981,1000,122.960304
830.160119,1000,165.908666
982.755635,1000,205.769723
1202.87557,1000,247.781754
879.591586,1000,300.277031
