#{"t_start": 1696816543.776566, "env_id": "AntTargetPosHighLevel-v0"}
r,l,t
622.779499,1000,36.044806
1034.315336,1000,79.78621
1017.259141,1000,122.960902
767.377771,1000,165.909295
716.761774,1000,205.770472
915.113253,1000,247.782062
948.786894,1000,300.277631
