#{"t_start": 1696816543.754557, "env_id": "AntTargetPosHighLevel-v0"}
r,l,t
1075.45561,1000,36.039945
418.104323,1000,79.77823
1092.783253,1000,122.950533
940.583026,1000,165.899683
938.694832,1000,205.758724
1073.297955,1000,247.773591
938.00069,1000,300.269352
