#{"t_start": 1696816543.756352, "env_id": "AntTargetPosHighLevel-v0"}
r,l,t
997.193487,1000,36.040054
875.43053,1000,79.778463
860.645989,1000,122.950997
894.565203,1000,165.900306
882.029985,1000,205.759509
786.465752,1000,247.774349
1071.548893,1000,300.269897
