#{"t_start": 1696816543.757992, "env_id": "AntTargetPosHighLevel-v0"}
r,l,t
663.276984,1000,36.040351
1064.684323,1000,79.77871
703.263131,1000,122.951623
1048.062929,1000,165.901001
1064.998402,1000,205.760356
718.407003,1000,247.775238
890.910293,1000,300.270325
