#{"t_start": 1696816543.759556, "env_id": "AntTargetPosHighLevel-v0"}
r,l,t
963.429762,1000,36.041679
1067.795861,1000,79.778979
1062.332438,1000,122.954368
880.247285,1000,165.901785
628.85654,1000,205.761406
1059.074275,1000,247.776222
590.435194,1000,300.270993
