#{"t_start": 1696816543.761107, "env_id": "AntTargetPosHighLevel-v0"}
r,l,t
1040.525502,1000,36.042686
875.724636,1000,79.78147
996.680538,1000,122.955095
652.737908,1000,165.902625
1126.487345,1000,205.762377
1121.43984,1000,247.777171
989.101685,1000,300.271499
