#{"t_start": 1696816543.7626722, "env_id": "AntTargetPosHighLevel-v0"}
r,l,t
629.406154,1000,36.043058
736.616263,1000,79.781909
761.92786,1000,122.955827
1026.70307,1000,165.903387
919.497705,1000,205.763431
1160.110482,1000,247.778046
1034.816323,1000,300.272114
