#{"t_start": 1696816543.764208, "env_id": "AntTargetPosHighLevel-v0"}
r,l,t
910.112893,1000,36.043443
1023.441262,1000,79.7823
891.915802,1000,122.956604
778.447953,1000,165.90421
1157.886053,1000,205.764475
945.175803,1000,247.779007
1121.486792,1000,300.274548
