#{"t_start": 1696816543.76578, "env_id": "AntTargetPosHighLevel-v0"}
r,l,t
1065.592679,1000,36.04372
722.559401,1000,79.782764
1066.123124,1000,122.957506
1035.110869,1000,165.904895
795.220923,1000,205.765551
965.648955,1000,247.779766
618.674821,1000,300.275183
