#{"t_start": 1695878239.741765, "env_id": "AntBulletEnv-v0"}
r,l,t
18.025078,144,1.9915
