#{"t_start": 1696483475.102643, "env_id": "AntObstacleHighLevel-v0"}
r,l,t
491.913896,1000,34.921281
532.408139,1000,77.464174
494.619069,1000,121.693186
545.288403,1000,165.25671
604.44034,1000,207.342514
