#{"t_start": 1697047211.200674, "env_id": "AntObstacleHighLevel-v0"}
r,l,t
216.108064,58,2.004526
304.707174,1000,45.719048
425.687192,1000,89.680072
498.73753,1000,125.649097
561.567063,1000,168.559924
604.540612,1000,211.638571
675.942815,1000,257.378035
606.765707,1000,320.649649
594.326684,1000,364.614078
602.370956,1000,408.523855
627.845003,1000,455.051448
640.75519,1000,502.038534
572.996523,1000,549.626794
