#{"t_start": 1697047211.202368, "env_id": "AntObstacleHighLevel-v0"}
r,l,t
274.791701,303,8.714667
369.311037,1000,52.870504
403.463289,1000,96.691978
525.112271,1000,139.683454
558.590828,1000,182.759303
549.344963,1000,225.923745
563.499878,1000,291.157517
601.489755,1000,335.128296
602.031273,1000,379.164987
682.077228,1000,423.212237
573.786305,1000,469.799145
635.228532,1000,518.030455
