#{"t_start": 1696483475.1040158, "env_id": "AntObstacleHighLevel-v0"}
r,l,t
487.383549,1000,34.923679
447.333131,1000,77.465756
520.296819,1000,121.694513
410.54119,1000,165.258806
569.700402,1000,207.343172
