#{"t_start": 1696483475.116697, "env_id": "AntObstacleHighLevel-v0"}
r,l,t
359.121921,1000,34.933383
488.234801,1000,77.473516
569.496419,1000,121.702734
622.273724,1000,165.266492
553.924332,1000,207.347979
