#{"t_start": 1697047211.218209, "env_id": "AntObstacleHighLevel-v0"}
r,l,t
486.624288,1000,36.505348
458.080811,1000,80.664588
505.850806,1000,124.010637
604.061892,1000,166.941784
605.750225,1000,210.003505
630.610239,1000,255.586903
523.100876,1000,318.989711
561.177678,1000,362.923871
558.973747,1000,406.649822
564.768401,1000,453.142859
572.472394,1000,500.155075
622.99223,1000,547.947158
