#{"t_start": 1696483475.117975, "env_id": "AntObstacleHighLevel-v0"}
r,l,t
491.747101,1000,34.934733
637.893211,1000,77.475257
556.055074,1000,121.704724
629.184825,1000,165.267451
612.027367,1000,207.348718
