#{"t_start": 1697047211.2199721, "env_id": "AntObstacleHighLevel-v0"}
r,l,t
505.845915,1000,36.50571
417.944547,1000,80.664783
537.077932,1000,124.012805
575.800524,1000,166.942243
529.801662,1000,210.004008
573.818364,1000,255.587442
602.516537,1000,318.990259
553.548726,1000,362.927384
603.701891,1000,406.650025
600.79855,1000,453.143608
676.257119,1000,500.155751
598.929099,1000,547.947848
