#{"t_start": 1696483475.119199, "env_id": "AntObstacleHighLevel-v0"}
r,l,t
489.921894,1000,34.936104
547.587503,1000,77.476671
613.218155,1000,121.705752
635.212031,1000,165.268317
640.854056,1000,207.351219
