#{"t_start": 1697047211.221523, "env_id": "AntObstacleHighLevel-v0"}
r,l,t
279.763212,146,4.422457
190.622736,831,35.835866
488.137416,1000,80.011772
530.736839,1000,123.348274
496.280306,1000,166.283315
630.832361,1000,209.34543
573.59085,1000,254.85909
601.382228,1000,318.326208
565.182883,1000,362.246986
649.587881,1000,405.958525
550.255358,1000,452.302293
595.314921,1000,499.401953
646.161959,1000,547.294031
