#{"t_start": 1696483475.120713, "env_id": "AntObstacleHighLevel-v0"}
r,l,t
482.179601,1000,34.938927
472.671314,1000,77.47784
573.90924,1000,121.70686
725.56433,1000,165.270042
698.531031,1000,207.351697
