#{"t_start": 1697047211.2230499, "env_id": "AntObstacleHighLevel-v0"}
r,l,t
504.338759,1000,36.506262
409.934328,1000,80.665526
562.117431,1000,124.013997
609.843721,1000,166.942803
612.848848,1000,210.004885
605.433153,1000,255.588538
479.482732,1000,318.991485
660.666716,1000,362.928024
566.566255,1000,406.65039
642.407573,1000,453.14476
595.537743,1000,500.156949
711.601564,1000,547.948927
