#{"t_start": 1697047211.224701, "env_id": "AntObstacleHighLevel-v0"}
r,l,t
559.864721,1000,36.506912
473.690575,1000,80.665962
499.261283,1000,124.01497
533.131333,1000,166.943185
584.574527,1000,210.00544
569.644591,1000,255.589526
610.772197,1000,318.991965
524.409936,1000,362.928701
567.323226,1000,406.650694
597.58655,1000,453.145657
595.041127,1000,500.157798
632.467152,1000,547.94961
