#{"t_start": 1696483475.122646, "env_id": "AntObstacleHighLevel-v0"}
r,l,t
506.866865,1000,34.939634
494.164589,1000,77.478455
558.353966,1000,121.707319
620.705998,1000,165.270383
644.140312,1000,207.351888
