#{"t_start": 1697047211.226364, "env_id": "AntObstacleHighLevel-v0"}
r,l,t
584.092003,1000,36.508105
415.67315,1000,80.666523
522.17201,1000,124.01577
502.517652,1000,166.943602
575.058073,1000,210.005783
571.159881,1000,255.590026
537.682006,1000,318.992316
565.519052,1000,362.929189
547.609476,1000,406.650984
611.545882,1000,453.146533
610.758958,1000,500.158622
598.783816,1000,547.950404
