#{"t_start": 1696483475.124007, "env_id": "AntObstacleHighLevel-v0"}
r,l,t
514.157657,1000,34.940792
590.853214,1000,77.47987
477.997489,1000,121.70833
583.100748,1000,165.271124
630.442542,1000,207.352618
