#{"t_start": 1697047211.203975, "env_id": "AntObstacleHighLevel-v0"}
r,l,t
512.568131,1000,36.502466
431.744833,1000,80.661113
543.288133,1000,124.008541
508.98056,1000,166.939674
616.185689,1000,210.000514
572.362973,1000,255.583438
644.102278,1000,318.987514
615.615068,1000,362.920998
782.147599,1000,406.649403
631.582496,1000,453.137648
641.397645,1000,500.150849
631.483789,1000,547.940434
