#{"t_start": 1696483475.105336, "env_id": "AntObstacleHighLevel-v0"}
r,l,t
408.902726,1000,34.925337
527.326451,1000,77.467109
587.593423,1000,121.69626
468.938145,1000,165.261308
585.298924,1000,207.343849
