#{"t_start": 1697047211.2057269, "env_id": "AntObstacleHighLevel-v0"}
r,l,t
533.681234,1000,36.502819
466.890768,1000,80.661462
491.325354,1000,124.008899
-214.466128,1000,166.940104
383.239699,1000,210.001606
541.321434,1000,255.584032
565.77924,1000,318.988493
678.467863,1000,362.92266
579.510866,1000,406.649763
556.364762,1000,453.138985
668.133728,1000,500.15167
623.385902,1000,547.941464
