#{"t_start": 1696483475.1067038, "env_id": "AntObstacleHighLevel-v0"}
r,l,t
454.697665,1000,34.926427
446.668961,1000,77.468071
642.064405,1000,121.697575
603.651394,1000,165.262323
603.938901,1000,207.344526
