#{"t_start": 1697047211.2073789, "env_id": "AntObstacleHighLevel-v0"}
r,l,t
548.198275,1000,36.503363
440.501042,1000,80.661879
535.291318,1000,124.010126
535.307231,1000,166.940541
604.729764,1000,210.002127
593.874379,1000,255.584572
525.343089,1000,318.989068
658.256229,1000,362.923465
649.697323,1000,406.650115
575.383836,1000,453.139872
571.515429,1000,500.152488
626.310198,1000,547.942437
