#{"t_start": 1696483475.108493, "env_id": "AntObstacleHighLevel-v0"}
r,l,t
456.056349,1000,34.927085
397.799152,1000,77.468568
327.222995,1000,121.69805
333.068083,1000,165.262886
603.644407,1000,207.34474
