#{"t_start": 1697047211.208993, "env_id": "AntObstacleHighLevel-v0"}
r,l,t
200.704998,85,2.790331
336.531928,1000,46.521824
453.282849,1000,90.462091
499.382663,1000,133.764202
537.869564,1000,169.309872
789.538593,1000,212.411144
577.298532,1000,258.248375
589.787367,1000,321.421265
538.3885,1000,365.398637
562.932957,1000,409.320864
535.833512,1000,455.931587
591.164746,1000,502.899852
665.156762,1000,550.351628
