#{"t_start": 1696483475.109926, "env_id": "AntObstacleHighLevel-v0"}
r,l,t
491.73036,1000,34.928058
607.920361,1000,77.469338
554.655911,1000,121.698975
4.187877,20,122.197635
624.553765,1000,165.758805
616.507299,1000,207.846818
