#{"t_start": 1697047211.210729, "env_id": "AntObstacleHighLevel-v0"}
r,l,t
345.48805,364,10.528505
357.509191,1000,54.641409
505.54849,1000,98.411042
528.782605,1000,141.297339
584.231249,1000,184.467585
489.76428,1000,227.675169
597.742282,1000,292.984459
569.697814,1000,336.920917
591.408201,1000,380.921284
575.113049,1000,424.952888
638.850455,1000,471.803425
575.936756,1000,519.988303
