#{"t_start": 1696483475.111383, "env_id": "AntObstacleHighLevel-v0"}
r,l,t
-1.708759,20,0.881218
504.116118,1000,35.434456
380.039452,1000,77.978438
517.790399,1000,122.198036
690.100664,1000,165.760242
675.386258,1000,207.847761
