#{"t_start": 1697047211.212661, "env_id": "AntObstacleHighLevel-v0"}
r,l,t
545.668316,1000,36.504086
477.359942,1000,80.6617
521.067456,1000,124.010421
558.669969,1000,166.94109
582.737874,1000,210.002569
614.6507,1000,255.585828
560.62985,1000,318.98917
555.574842,1000,362.923476
586.057642,1000,406.64986
583.729528,1000,453.14086
655.901768,1000,500.153266
696.771866,1000,547.945549
