#{"t_start": 1696483475.11276, "env_id": "AntObstacleHighLevel-v0"}
r,l,t
457.192452,1000,34.928993
545.047922,1000,77.470163
513.052169,1000,121.700026
618.287378,1000,165.263932
678.438233,1000,207.345431
