#{"t_start": 1697047211.214509, "env_id": "AntObstacleHighLevel-v0"}
r,l,t
480.049701,1000,36.504709
457.717171,1000,80.66199
35.307844,42,81.856967
514.839862,1000,125.19284
539.627804,1000,168.115166
600.664301,1000,211.186543
603.081061,1000,256.866953
504.43934,1000,320.190491
545.065641,1000,364.15323
632.612732,1000,408.002532
658.134248,1000,454.526425
607.800814,1000,501.531772
649.91912,1000,549.143645
