#{"t_start": 1696483475.11409, "env_id": "AntObstacleHighLevel-v0"}
r,l,t
460.531857,1000,34.929932
498.228098,1000,77.471295
522.763985,1000,121.700936
598.021133,1000,165.264754
589.412958,1000,207.346562
