#{"t_start": 1696483475.115362, "env_id": "AntObstacleHighLevel-v0"}
r,l,t
515.486328,1000,34.932059
566.038062,1000,77.472495
590.603498,1000,121.701883
457.431409,1000,165.265577
411.874057,1000,207.347336
