#{"t_start": 1697047211.2165692, "env_id": "AntObstacleHighLevel-v0"}
r,l,t
596.133884,1000,36.504831
430.185182,1000,80.662039
381.074324,1000,124.010273
510.661879,1000,166.941159
575.967216,1000,210.002317
609.446832,1000,255.585825
580.829226,1000,318.989124
481.071611,1000,362.923249
520.280027,1000,406.649437
590.744299,1000,453.141496
599.846001,1000,500.153901
668.696013,1000,547.946218
