#{"t_start": 1697241530.260671, "env_id": "AntTargetPosVelocityHighLevel-v0"}
r,l,t
1414.265293,1000,33.094257
563.177891,1000,72.229384
