#{"t_start": 1697241530.262708, "env_id": "AntTargetPosVelocityHighLevel-v0"}
r,l,t
1447.266333,1000,33.111675
598.857865,1000,72.229414
