#{"t_start": 1697241530.2775722, "env_id": "AntTargetPosVelocityHighLevel-v0"}
r,l,t
1440.606987,1000,33.119819
655.044205,1000,72.231521
