#{"t_start": 1697241530.279157, "env_id": "AntTargetPosVelocityHighLevel-v0"}
r,l,t
1408.974235,1000,33.120788
604.410149,1000,72.233602
