#{"t_start": 1697241530.280738, "env_id": "AntTargetPosVelocityHighLevel-v0"}
r,l,t
1422.546948,1000,33.121647
613.243033,1000,72.23387
