#{"t_start": 1697241530.282424, "env_id": "AntTargetPosVelocityHighLevel-v0"}
r,l,t
1430.393263,1000,33.122499
592.250642,1000,72.234059
