#{"t_start": 1697241530.284149, "env_id": "AntTargetPosVelocityHighLevel-v0"}
r,l,t
1421.538852,1000,33.123139
626.107766,1000,72.234425
