#{"t_start": 1697241530.2857332, "env_id": "AntTargetPosVelocityHighLevel-v0"}
r,l,t
1434.258657,1000,33.123922
582.884503,1000,72.234706
