#{"t_start": 1697241530.2648478, "env_id": "AntTargetPosVelocityHighLevel-v0"}
r,l,t
1381.071495,1000,33.112662
564.410783,1000,72.229175
