#{"t_start": 1697241530.266538, "env_id": "AntTargetPosVelocityHighLevel-v0"}
r,l,t
1419.274325,1000,33.113692
652.078649,1000,72.229352
