#{"t_start": 1697241530.2682161, "env_id": "AntTargetPosVelocityHighLevel-v0"}
r,l,t
1423.466802,1000,33.114602
627.3743,1000,72.229544
94.954537,160,83.488317
