#{"t_start": 1697241530.2697768, "env_id": "AntTargetPosVelocityHighLevel-v0"}
r,l,t
1420.230243,1000,33.115601
641.108369,1000,72.229916
