#{"t_start": 1697241530.2713642, "env_id": "AntTargetPosVelocityHighLevel-v0"}
r,l,t
1426.254849,1000,33.116713
579.745245,1000,72.230257
