#{"t_start": 1697241530.2728782, "env_id": "AntTargetPosVelocityHighLevel-v0"}
r,l,t
1434.903967,1000,33.117662
550.722081,1000,72.230636
