#{"t_start": 1697241530.274385, "env_id": "AntTargetPosVelocityHighLevel-v0"}
r,l,t
1296.924188,1000,33.118405
652.64259,1000,72.230995
