#{"t_start": 1697241530.276011, "env_id": "AntTargetPosVelocityHighLevel-v0"}
r,l,t
1415.881186,1000,33.119054
560.993828,1000,72.231229
