#{"t_start": 1697050283.649029, "env_id": "AntObstacleHighLevel-v0"}
r,l,t
61191.395524,1000,38.068529
61231.013506,1000,82.838085
61374.675725,1000,127.700618
61156.003922,1000,171.905128
61191.343829,1000,216.732811
