#{"t_start": 1697300990.736521, "env_id": "AntObstacleHighLevel-v0"}
r,l,t
550.495512,1000,34.216647
548.419285,1000,74.788775
