#{"t_start": 1697300990.738135, "env_id": "AntObstacleHighLevel-v0"}
r,l,t
539.134861,1000,34.217276
661.826035,1000,74.789126
