#{"t_start": 1697050283.6509209, "env_id": "AntObstacleHighLevel-v0"}
r,l,t
61230.565442,1000,38.069324
61401.517055,1000,82.838408
61252.573711,1000,127.701666
61163.699886,1000,171.905516
61317.563024,1000,216.733061
