#{"t_start": 1697050283.665083, "env_id": "AntObstacleHighLevel-v0"}
r,l,t
61239.112126,1000,38.078494
61268.603168,1000,82.841836
61182.962287,1000,127.716543
61293.052883,1000,171.913644
61283.036013,1000,216.744022
