#{"t_start": 1697300990.753682, "env_id": "AntObstacleHighLevel-v0"}
r,l,t
452.564973,1000,34.221026
557.130627,1000,74.790556
