#{"t_start": 1697050283.6666481, "env_id": "AntObstacleHighLevel-v0"}
r,l,t
61203.672438,1000,38.079414
61206.138769,1000,82.842197
61178.781226,1000,127.71818
61187.915944,1000,171.914177
61124.159639,1000,216.744488
