#{"t_start": 1697300990.755181, "env_id": "AntObstacleHighLevel-v0"}
r,l,t
375.165175,1000,34.221646
579.003109,1000,74.790881
