#{"t_start": 1697300990.7566552, "env_id": "AntObstacleHighLevel-v0"}
r,l,t
381.915327,1000,34.222099
581.334509,1000,74.791273
