#{"t_start": 1697050283.668603, "env_id": "AntObstacleHighLevel-v0"}
r,l,t
61219.576564,1000,38.079911
61172.255681,1000,82.842113
61220.666694,1000,127.719469
61115.998093,1000,171.914571
61185.298403,1000,216.744565
