#{"t_start": 1697300990.758344, "env_id": "AntObstacleHighLevel-v0"}
r,l,t
497.168135,1000,34.222908
162.939665,366,51.044715
