#{"t_start": 1697050283.670034, "env_id": "AntObstacleHighLevel-v0"}
r,l,t
61210.468233,1000,38.080898
61309.028286,1000,82.842701
61367.820585,1000,127.721993
61176.136898,1000,171.916007
61236.112797,1000,216.745823
