#{"t_start": 1697300990.7599301, "env_id": "AntObstacleHighLevel-v0"}
r,l,t
616.936519,1000,34.223276
533.761656,1000,74.791282
