#{"t_start": 1697050283.671488, "env_id": "AntObstacleHighLevel-v0"}
r,l,t
61209.204969,1000,38.081874
61223.562239,1000,82.843161
61215.400101,1000,127.724251
61221.822545,1000,171.916565
61293.39473,1000,216.74646
