#{"t_start": 1697300990.761405, "env_id": "AntObstacleHighLevel-v0"}
r,l,t
420.141992,1000,34.223737
538.847757,1000,74.791804
