#{"t_start": 1697050283.6730208, "env_id": "AntObstacleHighLevel-v0"}
r,l,t
61220.243611,1000,38.082899
61014.967938,1000,82.843497
61223.131107,1000,127.725922
61154.714232,1000,171.917791
61282.697773,1000,216.747061
