#{"t_start": 1697300990.739651, "env_id": "AntObstacleHighLevel-v0"}
r,l,t
457.297593,1000,34.217697
623.156946,1000,74.789681
