#{"t_start": 1697050283.6524632, "env_id": "AntObstacleHighLevel-v0"}
r,l,t
61104.492103,1000,38.070445
61208.329264,1000,82.838959
61225.930188,1000,127.703114
61170.834417,1000,171.906413
61105.184888,1000,216.733919
