#{"t_start": 1697050283.6540108, "env_id": "AntObstacleHighLevel-v0"}
r,l,t
61254.887411,1000,38.071509
61268.637812,1000,82.839462
61224.555917,1000,127.70484
61317.713907,1000,171.907321
61217.619632,1000,216.735412
