#{"t_start": 1697300990.741427, "env_id": "AntObstacleHighLevel-v0"}
r,l,t
581.385042,1000,34.217895
592.939004,1000,74.790134
