#{"t_start": 1697300990.742969, "env_id": "AntObstacleHighLevel-v0"}
r,l,t
498.803634,1000,34.218328
600.648568,1000,74.790573
