#{"t_start": 1697050283.655731, "env_id": "AntObstacleHighLevel-v0"}
r,l,t
61281.318152,1000,38.072511
61184.053839,1000,82.839665
61213.666409,1000,127.706377
61175.122887,1000,171.907707
61184.58408,1000,216.735825
