#{"t_start": 1697050283.657662, "env_id": "AntObstacleHighLevel-v0"}
r,l,t
61123.377685,1000,38.073248
61124.048639,1000,82.839667
61246.940489,1000,127.707657
61200.66118,1000,171.908054
61091.802131,1000,216.735987
