#{"t_start": 1697300990.7444968, "env_id": "AntObstacleHighLevel-v0"}
r,l,t
623.293909,1000,34.218875
77.170161,117,44.096053
