#{"t_start": 1697050283.65913, "env_id": "AntObstacleHighLevel-v0"}
r,l,t
61188.845859,1000,38.074354
61259.154136,1000,82.84013
61238.437859,1000,127.709895
61453.90093,1000,171.909705
61205.317008,1000,216.736576
