#{"t_start": 1697300990.7462358, "env_id": "AntObstacleHighLevel-v0"}
r,l,t
602.956246,1000,34.219067
489.868613,1000,74.790648
