#{"t_start": 1697300990.747967, "env_id": "AntObstacleHighLevel-v0"}
r,l,t
549.812968,1000,34.219217
523.272899,1000,74.790793
