#{"t_start": 1697050283.6605299, "env_id": "AntObstacleHighLevel-v0"}
r,l,t
61315.158174,1000,38.075383
61190.805336,1000,82.840671
61370.073043,1000,127.711655
61404.4993,1000,171.910966
61381.875074,1000,216.737544
