#{"t_start": 1697300990.7499819, "env_id": "AntObstacleHighLevel-v0"}
r,l,t
591.322469,1000,34.219118
535.434332,1000,74.790594
