#{"t_start": 1697050283.662165, "env_id": "AntObstacleHighLevel-v0"}
r,l,t
61163.497502,1000,38.076209
61194.921263,1000,82.84095
61160.91089,1000,127.713213
61553.607682,1000,171.911744
61298.929911,1000,216.740858
