#{"t_start": 1697050283.663714, "env_id": "AntObstacleHighLevel-v0"}
r,l,t
61225.963205,1000,38.077245
61442.692668,1000,82.841319
61212.093458,1000,127.714823
61507.227875,1000,171.912406
61266.740912,1000,216.741999
