#{"t_start": 1697300990.7518861, "env_id": "AntObstacleHighLevel-v0"}
r,l,t
510.820923,1000,34.219159
539.21011,1000,74.790527
