#{"t_start": 1696482785.409594, "env_id": "AntObstacleLowLevel-v0"}
r,l,t
433.562893,1000,26.862274
471.118856,1000,61.206991
455.426767,1000,95.485653
482.703142,1000,129.848155
386.478622,1000,164.202898
505.158006,1000,198.428191
-2.389676,21,198.834731
