#{"t_start": 1696482785.4104562, "env_id": "AntObstacleLowLevel-v0"}
r,l,t
482.036328,1000,26.864545
446.298946,1000,61.209295
444.373326,1000,95.488285
468.592717,1000,129.850567
478.187452,1000,164.205286
457.034194,1000,198.43122
