#{"t_start": 1696482785.417526, "env_id": "AntObstacleLowLevel-v0"}
r,l,t
483.879478,1000,26.887354
495.508447,1000,61.231393
470.485927,1000,95.508484
464.066555,1000,129.874146
371.122668,1000,164.225358
429.959527,1000,198.45372
