#{"t_start": 1696482785.4182432, "env_id": "AntObstacleLowLevel-v0"}
r,l,t
477.982781,1000,26.891513
500.380709,1000,61.235824
466.560307,1000,95.51192
391.561621,1000,129.876602
521.048631,1000,164.228219
415.431353,1000,198.457057
