#{"t_start": 1696482785.419656, "env_id": "AntObstacleLowLevel-v0"}
r,l,t
500.724901,1000,26.896305
397.938873,1000,61.240634
469.405656,1000,95.51639
329.982421,1000,129.881711
459.99409,1000,164.235265
483.596939,1000,198.463673
