#{"t_start": 1696482785.421193, "env_id": "AntObstacleLowLevel-v0"}
r,l,t
52.644915,129,2.869834
438.240417,1000,37.22208
466.677128,1000,71.655588
377.869781,1000,105.868515
452.759683,1000,140.270829
466.114802,1000,174.642484
533.335693,1000,200.777048
