#{"t_start": 1696482785.4114501, "env_id": "AntObstacleLowLevel-v0"}
r,l,t
537.788916,1000,26.866514
429.26806,1000,61.211282
400.866065,1000,95.490179
366.457192,1000,129.852531
513.492353,1000,164.207219
535.869945,1000,198.433311
