#{"t_start": 1696482785.412339, "env_id": "AntObstacleLowLevel-v0"}
r,l,t
19.926487,86,2.098679
472.054932,1000,36.427542
517.395819,1000,70.872086
494.796855,1000,105.073073
497.127668,1000,131.461331
444.332829,1000,165.835298
503.252567,1000,200.006709
