#{"t_start": 1696482785.4138649, "env_id": "AntObstacleLowLevel-v0"}
r,l,t
497.235205,1000,26.872536
411.273226,1000,61.217727
413.114744,1000,95.494876
423.676088,1000,129.858552
524.493868,1000,164.212055
482.260769,1000,198.440141
