#{"t_start": 1696482785.414633, "env_id": "AntObstacleLowLevel-v0"}
r,l,t
511.771502,1000,26.875466
488.485581,1000,61.219905
432.001496,1000,95.498329
454.762062,1000,129.862268
529.354394,1000,164.214488
472.264812,1000,198.443193
