#{"t_start": 1696482785.4153621, "env_id": "AntObstacleLowLevel-v0"}
r,l,t
438.652978,1000,26.877713
292.264136,1000,61.222262
461.612936,1000,95.500539
471.69306,1000,129.864701
487.755891,1000,164.216722
436.670168,1000,198.445737
