#{"t_start": 1696482785.4161, "env_id": "AntObstacleLowLevel-v0"}
r,l,t
500.961372,1000,26.880181
474.072902,1000,61.224528
504.080787,1000,95.503048
435.159615,1000,129.866937
493.760493,1000,164.219371
451.598441,1000,198.44921
