#{"t_start": 1696482785.4168131, "env_id": "AntObstacleLowLevel-v0"}
r,l,t
496.189474,1000,26.882608
457.385565,1000,61.226996
501.935307,1000,95.505356
424.121108,1000,129.870563
450.167166,1000,164.222976
495.472191,1000,198.451467
