#{"t_start": 1696394535.086394, "env_id": "AntObstacleLowLevel-v0"}
r,l,t
429.012089,1000,27.877362
440.153632,1000,63.20159
