#{"t_start": 1696394535.0874019, "env_id": "AntObstacleLowLevel-v0"}
r,l,t
72.624164,211,4.021694
438.836997,1000,40.521132
