#{"t_start": 1696394535.096726, "env_id": "AntObstacleLowLevel-v0"}
r,l,t
341.633422,1000,27.883392
434.078738,1000,63.206947
