#{"t_start": 1696394535.0974982, "env_id": "AntObstacleLowLevel-v0"}
r,l,t
409.095796,1000,27.884374
431.660719,1000,63.20774
