#{"t_start": 1696394535.098229, "env_id": "AntObstacleLowLevel-v0"}
r,l,t
414.536069,1000,27.885488
445.222265,1000,63.208415
