#{"t_start": 1696394535.099089, "env_id": "AntObstacleLowLevel-v0"}
r,l,t
410.010192,1000,27.886444
447.100575,1000,63.209757
