#{"t_start": 1696394535.0998359, "env_id": "AntObstacleLowLevel-v0"}
r,l,t
14.104413,51,1.264302
8.99174,41,2.009133
416.988314,1000,38.404631
