#{"t_start": 1696394535.1006742, "env_id": "AntObstacleLowLevel-v0"}
r,l,t
393.121366,1000,27.887905
446.884431,1000,63.211379
