#{"t_start": 1696394535.088535, "env_id": "AntObstacleLowLevel-v0"}
r,l,t
401.861169,1000,27.878317
444.641124,1000,63.201897
