#{"t_start": 1696394535.089663, "env_id": "AntObstacleLowLevel-v0"}
r,l,t
120.498534,318,6.125809
431.150753,1000,42.449222
