#{"t_start": 1696394535.090585, "env_id": "AntObstacleLowLevel-v0"}
r,l,t
157.063148,529,18.707727
445.325972,1000,46.260016
