#{"t_start": 1696394535.0914361, "env_id": "AntObstacleLowLevel-v0"}
r,l,t
437.521691,1000,27.87982
-4.661284,36,37.324807
461.742637,1000,63.825261
