#{"t_start": 1696394535.0927029, "env_id": "AntObstacleLowLevel-v0"}
r,l,t
415.955344,1000,27.880336
446.448686,1000,63.204659
