#{"t_start": 1696394535.093624, "env_id": "AntObstacleLowLevel-v0"}
r,l,t
422.960143,1000,27.881162
427.102714,1000,63.205253
