#{"t_start": 1696394535.094634, "env_id": "AntObstacleLowLevel-v0"}
r,l,t
439.58345,1000,27.881956
458.693011,1000,63.206167
