#{"t_start": 1696394535.095746, "env_id": "AntObstacleLowLevel-v0"}
r,l,t
436.042738,1000,27.882597
448.591591,1000,63.206497
