#{"t_start": 1697052740.7606738, "env_id": "AntTargetPosHighLevel-v0"}
r,l,t
665.132537,1000,45.995137
550.000046,1000,95.910293
806.122207,1000,224.345704
388.251954,755,268.187375
924.886974,1000,319.520894
