#{"t_start": 1697052740.7629147, "env_id": "AntTargetPosHighLevel-v0"}
r,l,t
482.415464,1000,45.998014
684.679155,1000,95.914715
676.754929,1000,224.348297
834.020833,1000,277.224679
641.71442,1000,327.996154
