#{"t_start": 1697052740.788159, "env_id": "AntTargetPosHighLevel-v0"}
r,l,t
444.648634,1000,46.031333
538.991411,1000,95.944288
573.535655,1000,224.379083
711.549915,1000,277.25622
560.693168,1000,328.023971
