#{"t_start": 1697052740.7946188, "env_id": "AntTargetPosHighLevel-v0"}
r,l,t
471.758372,1000,46.049853
481.573113,1000,95.954157
658.329508,1000,224.392582
48.280634,112,235.96866
606.013097,1000,288.901392
945.288268,1000,331.927882
