#{"t_start": 1697052740.7997499, "env_id": "AntTargetPosHighLevel-v0"}
r,l,t
481.962036,1000,46.058415
659.772588,1000,95.959468
726.072508,1000,224.400978
544.774402,1000,277.273841
830.645348,1000,328.041521
