#{"t_start": 1697052740.7713115, "env_id": "AntTargetPosHighLevel-v0"}
r,l,t
433.573413,1000,46.007452
558.004578,1000,95.92884
567.700505,1000,224.35555
675.454346,1000,277.234873
587.652287,1000,328.002451
