#{"t_start": 1697052740.7764452, "env_id": "AntTargetPosHighLevel-v0"}
r,l,t
567.77966,1000,46.016089
605.547073,1000,95.934832
554.197107,1000,224.361649
775.02087,1000,277.242718
598.73039,1000,328.007065
