#{"t_start": 1697052740.7786963, "env_id": "AntTargetPosHighLevel-v0"}
r,l,t
511.010755,1000,46.019622
530.141642,1000,95.937849
739.792107,1000,224.366958
947.229918,1000,277.246751
661.631483,1000,328.01077
