#{"t_start": 1697052740.7813063, "env_id": "AntTargetPosHighLevel-v0"}
r,l,t
619.126139,1000,46.025021
649.394323,1000,95.940534
507.858729,1000,224.370036
742.323496,1000,277.250271
884.788527,1000,328.014296
