#{"t_start": 1696483887.572323, "env_id": "AntObstacleHighLevel-v0"}
r,l,t
11.743737,49,1.698715
85.658411,259,7.953452
334.974563,1000,41.341004
