#{"t_start": 1696483887.573807, "env_id": "AntObstacleHighLevel-v0"}
r,l,t
358.735755,1000,29.61276
339.546337,1000,62.714051
