#{"t_start": 1696483887.588445, "env_id": "AntObstacleHighLevel-v0"}
r,l,t
105.440163,338,8.68935
327.406974,1000,42.100738
247.190313,654,62.508465
-0.001508,20,63.033272
