#{"t_start": 1696483887.589855, "env_id": "AntObstacleHighLevel-v0"}
r,l,t
3.672776,28,1.09346
334.884643,1000,34.223557
373.672619,1000,63.446192
