#{"t_start": 1696483887.5912168, "env_id": "AntObstacleHighLevel-v0"}
r,l,t
51.879427,166,4.513448
96.611882,353,16.473943
40.563262,172,20.84242
390.133637,1000,54.91477
