#{"t_start": 1696483887.592583, "env_id": "AntObstacleHighLevel-v0"}
r,l,t
70.031832,223,5.882227
3.442314,20,6.388623
309.192557,1000,39.689066
