#{"t_start": 1696483887.5945852, "env_id": "AntObstacleHighLevel-v0"}
r,l,t
2.491303,20,0.89211
380.258844,1000,30.200508
357.377398,1000,63.241465
