#{"t_start": 1696483887.596203, "env_id": "AntObstacleHighLevel-v0"}
r,l,t
263.815916,1000,29.624712
226.25747,1000,62.733954
