#{"t_start": 1696483887.575043, "env_id": "AntObstacleHighLevel-v0"}
r,l,t
106.231283,271,7.060689
344.283791,1000,40.392477
24.498284,50,41.6788
23.049664,79,43.656297
