#{"t_start": 1696483887.576844, "env_id": "AntObstacleHighLevel-v0"}
r,l,t
291.741191,1000,29.614595
395.190832,1000,62.721088
