#{"t_start": 1696483887.5789928, "env_id": "AntObstacleHighLevel-v0"}
r,l,t
334.847045,1000,29.616219
369.124951,1000,62.724728
