#{"t_start": 1696483887.5809422, "env_id": "AntObstacleHighLevel-v0"}
r,l,t
62.449347,234,6.167196
373.411555,1000,39.465691
