#{"t_start": 1696483887.58321, "env_id": "AntObstacleHighLevel-v0"}
r,l,t
352.55405,1000,29.617382
375.166502,1000,62.728536
