#{"t_start": 1696483887.584488, "env_id": "AntObstacleHighLevel-v0"}
r,l,t
224.303942,654,19.817542
275.758707,1000,53.963568
45.015162,117,56.90391
