#{"t_start": 1696483887.58576, "env_id": "AntObstacleHighLevel-v0"}
r,l,t
85.284643,313,8.081644
38.010266,123,11.05521
11.319046,53,12.366993
376.627616,1000,46.028821
