#{"t_start": 1696483887.587072, "env_id": "AntObstacleHighLevel-v0"}
r,l,t
2.72158,20,0.890402
42.166783,133,4.197933
123.163226,431,18.05834
202.355469,1000,52.184449
